{"number_episodes": 3, "episode_rewards": [788.7999999999712, 804.3999999999697, 552.4999999999161], "mean_all_episodes": 715.2333333332857, "std_all_episodes": 115.24594955526541}