{"number_episodes": 8, "episode_rewards": [788.7999999999712, 804.3999999999697, 552.4999999999161, 824.9999999999698, 795.6999999999748, 841.0999999999783, 796.1999999999726, 794.6999999999697], "mean_all_episodes": 774.7999999999653, "std_all_episodes": 85.65626071690949}