{"number_episodes": 11, "episode_rewards": [788.7999999999712, 804.3999999999697, 552.4999999999161, 824.9999999999698, 795.6999999999748, 841.0999999999783, 796.1999999999726, 794.6999999999697, 786.9999999999696, 764.6999999999681, 840.2999999999737], "mean_all_episodes": 780.9454545454213, "std_all_episodes": 75.57153581075207}