{"number_episodes": 6, "episode_rewards": [788.7999999999712, 804.3999999999697, 552.4999999999161, 824.9999999999698, 795.6999999999748, 841.0999999999783], "mean_all_episodes": 767.91666666663, "std_all_episodes": 97.94361331344176}