{"number_episodes": 2, "episode_rewards": [788.7999999999712, 804.3999999999697], "mean_all_episodes": 796.5999999999705, "std_all_episodes": 7.799999999999272}